date,point_id,value,daily_change,settlement
2021-01-01,S25,0.2659161537028671,1.0904136680602754,0.33091055893464966
2021-01-01,S3,-0.014972996036451995,1.0904136680602754,0.33091055893464966
2021-01-01,S11,-0.9114277292470404,1.0904136680602754,0.33091055893464966
2021-01-01,S1,1.6893456496909753,1.0904136680602754,0.33091055893464966
2021-01-01,S4,-0.481832559057496,1.0904136680602754,0.33091055893464966
2021-01-01,S21,1.0270237997424456,1.0904136680602754,0.33091055893464966
2021-01-01,S17,-0.3341811912345748,1.0904136680602754,0.33091055893464966
2021-01-01,S14,-1.0074011183319387,1.0904136680602754,0.33091055893464966
2021-01-01,S7,0.03951738970772149,1.0904136680602754,0.33091055893464966
2021-01-01,S18,-1.300946099598936,1.0904136680602754,0.33091055893464966
2021-01-01,S16,-0.7103406283072536,1.0904136680602754,0.33091055893464966
2021-01-01,S23,0.553836320957562,1.0904136680602754,0.33091055893464966
2021-01-01,S24,1.310725356487914,1.0904136680602754,0.33091055893464966
2021-01-01,S20,0.5802026366402261,1.0904136680602754,0.33091055893464966
2021-01-01,S19,0.3309530657201055,1.0904136680602754,0.33091055893464966
2021-01-01,S10,1.3212718827609802,1.0904136680602754,0.33091055893464966
2021-01-01,S9,2.1228078795139784,1.0904136680602754,0.33091055893464966
2021-01-01,S15,-0.48991822920017963,1.0904136680602754,0.33091055893464966
2021-01-01,S5,-0.5222609097709142,1.0904136680602754,0.33091055893464966
2021-01-01,S2,0.04408755109271724,1.0904136680602754,0.33091055893464966
2021-01-01,S22,-0.4712860327844299,1.0904136680602754,0.33091055893464966
2021-01-01,S13,-0.6213982567377323,1.0904136680602754,0.33091055893464966
2021-01-01,S12,0.9887047542836395,1.0904136680602754,0.33091055893464966
2021-01-01,S8,0.9524950140794477,1.0904136680602754,0.33091055893464966
2021-01-01,S6,0.5105955632379919,1.0904136680602754,0.33091055893464966
2021-01-08,S3,0.3154848271862756,1.0904136680602754,0.9191322162433846
2021-01-08,S17,-0.5605799552297204,-0.7263173914836047,-0.07208385309388872
2021-01-08,S22,-0.6987394494068808,-0.7297581700054635,-0.07396115625550984
2021-01-08,S12,0.7971095269896122,-0.6127717002621078,-0.010132848760306774
2021-01-08,S5,-0.9493952238300774,-1.3812122368116035,-0.4293972215229165
2021-01-08,S8,0.5724685173733117,-1.2275241295017048,-0.34554434697039477
2021-01-08,S24,1.3863087947782187,0.2588921919432852,0.465450618851009
2021-01-08,S9,1.7350472635409266,-1.2527565053287029,-0.3593112368223013
2021-01-08,S21,1.440799180522392,1.3622351712874832,1.0674391660116498
2021-01-08,S20,1.2801404302960235,2.29583307688642,1.576814090532192
2021-01-08,S13,-1.0706802759703338,-1.4534685857707348,-0.4688205879170125
2021-01-08,S18,-1.3090317697416203,-0.014076237457879755,0.316517901362201
2021-01-08,S4,-0.5468694710747344,-0.19987827763850063,0.215143530634527
2021-01-08,S10,1.8503559507931122,1.7384269563445482,1.2726909783491658
2021-01-08,S25,0.276111129100164,0.045563923587754164,0.3490578228303446
2021-01-08,S1,1.0453044452824263,-2.08886568614151,-0.815495905096841
2021-01-08,S2,0.0824065965515222,0.1373180175041094,0.3991192404736399
2021-01-08,S23,0.14603730506568594,-1.3181312972441075,-0.39497999689315005
2021-01-08,S15,-0.9216227046443373,-1.3961222770730115,-0.4375322018899521
2021-01-08,S16,-0.64354596191117,0.23021903759442472,0.44980642583747954
2021-01-08,S11,-0.9947452868042606,-0.2595184386841364,0.1826036091663824
2021-01-08,S7,-0.3046509176699908,-1.1105376597583478,-0.281716039475191
2021-01-08,S6,0.5081347071076107,0.004274581325395853,0.3265301848908625
2021-01-08,S19,0.30528985178897866,-0.07142254615560187,0.2852295153351413
2021-01-08,S14,-0.7785414982064118,0.7589520037874331,0.7382853450069752
2021-01-15,S11,-0.6903022283884291,1.0055411311876437,0.7245184551550674
2021-01-15,S12,0.6498097100424602,-0.46825900234384715,-0.27232952366707297
2021-01-15,S23,0.310914665801281,0.5502114401277212,-0.10149493595932352
2021-01-15,S15,-0.7251057650895463,0.6534347957836187,-0.08772804610741765
2021-01-15,S4,-0.9363878414266299,-1.2584911361984754,-0.47820710372513053
2021-01-15,S5,-0.9785739465188933,-0.08289180789514838,-0.48133594232783666
2021-01-15,S22,-0.24277796353467226,1.499866312162019,0.7376595772864334
2021-01-15,S14,-0.5925710849246857,0.6190270105649881,1.0693164691732735
2021-01-15,S6,0.9050356458506513,1.3071827149376687,1.0330219413818835
2021-01-15,S2,0.19525442767332635,0.3804663663824611,0.5999906787673684
2021-01-15,S25,0.9173399265025614,2.1042964058360236,1.4904581450975056
2021-01-15,S1,1.2906869565690897,0.8128575339632931,-0.37871003615907867
2021-01-15,S21,1.09030295738084,-1.1311823308895295,0.4435487486320668
2021-01-15,S13,-0.7511205298964411,1.054858956667687,0.10000227005494437
2021-01-15,S17,0.015963481031207902,1.8932619898284013,0.9541752085936908
2021-01-15,S16,-0.8794365995520752,-0.7572843981803765,0.029916285354327988
2021-01-15,S24,1.131434409845797,-0.819218411573912,0.011769021458635478
2021-01-15,S18,-1.3005945487231674,0.039829292717982974,0.3315363266551905
2021-01-15,S19,0.8740991687829914,1.8680296140014034,1.297721687170814
2021-01-15,S3,0.529579310529511,0.7107811044813478,1.3002247580529787
2021-01-15,S8,0.45575362661805047,-0.36847642520980967,-0.5532992301900754
2021-01-15,S20,0.7612513376611885,-1.6805599682137193,0.6531809350133717
2021-01-15,S7,-0.10743087636366115,0.6557286481315311,0.06933965174842588
2021-01-15,S9,1.506539194291169,-0.733198948527328,-0.7660602551740856
2021-01-15,S10,1.7375081196713091,-0.35586023729630706,1.0718195400554382
2021-01-22,S19,0.515868826374525,-1.1564147067165276,0.6600643799393243
2021-01-22,S24,1.143738690497707,0.052445480631481196,0.03367089167757773
2021-01-22,S4,-0.8762726416701553,0.2084274402892875,-0.3712008235125843
2021-01-22,S1,1.5905598535999252,0.9906310909262332,0.15506982946256928
2021-01-22,S5,-0.6765917442334431,0.9975126479699646,0.05619852961705991
2021-01-22,S10,1.9790235713245143,0.8002413460497916,1.5017219640672472
2021-01-22,S9,2.0679659428940353,1.8439441643483594,0.2332907945302201
2021-01-22,S22,-0.5384322500562815,-0.9522618477526301,0.21138892431127979
2021-01-22,S6,0.8614433372553133,-0.1299157810272781,0.9554267440347745
2021-01-22,S16,-0.9152947888804989,-0.10468340520028097,-0.03391202214087508
2021-01-22,S14,-0.688192923133816,-0.2996608547725428,0.899107649186064
2021-01-22,S8,0.2718925185909375,-0.5875393244351118,-0.8805757480331264
2021-01-22,S12,0.4392307354569139,-0.6747057136556514,-0.6471643882712563
2021-01-22,S20,0.531337064908355,-0.7377866532231471,0.24392884577942253
2021-01-22,S11,-0.6259684181227281,0.2221905543767423,0.8390339480141081
2021-01-22,S2,-0.03465984507950716,-0.7377866532231471,0.19073858953341935
2021-01-22,S23,0.5738747208763865,0.8702038426610141,0.36657931900549756
2021-01-22,S25,0.4634877458849648,-1.4683786260321428,0.6825920178788064
2021-01-22,S18,-1.0274395182507645,0.9034647017056949,0.8177578455157077
2021-01-22,S3,0.08170349479998487,-1.448880881074917,0.5029966820834827
2021-01-22,S21,1.2312748585641524,0.47222046029881626,0.6944816045690907
2021-01-22,S17,-0.1411797604374716,-0.5003729352145712,0.6744570375117714
2021-01-22,S13,-0.7391678001203003,0.05129855445752535,0.12127837255334475
2021-01-22,S7,-0.2322314372616061,-0.39485572721076123,-0.15280788904370313
2021-01-22,S15,-0.4547631416232933,0.8942892923140626,0.3934873309887709
2021-01-29,S22,-0.124305318400567,1.3633820974614375,0.9485432991088194
2021-01-29,S6,0.8146870707780554,-0.14023811659286833,0.8721996372027946
2021-01-29,S11,-0.8221338068017512,-0.6276817405235182,0.4898555599521149
2021-01-29,S21,1.0649912943254827,-0.5301930157373873,0.39849347275310054
2021-01-29,S7,0.03529877919849503,0.8851138829224234,0.32340134628815487
2021-01-29,S20,1.0621788873193307,1.7441615872143208,1.188838103796644
2021-01-29,S8,0.7841021445861648,1.683374499994734,0.031167820795412277
2021-01-29,S10,1.9027370312826724,-0.2365799152050436,1.3659303687098054
2021-01-29,S19,0.2898216132551487,-0.7251704653096491,0.2576957356313278
2021-01-29,S14,-1.0035340586984816,-1.0164897134940805,0.33779400386060243
2021-01-29,S17,-0.13063323416440545,0.046710849761710006,0.6932300691280088
2021-01-29,S16,-0.5816730077758515,1.1007360036258667,0.5599415446527313
2021-01-29,S9,2.0778093674155644,0.04441699741380233,0.2508122907053752
2021-01-29,S4,-0.7581515474118181,0.39767025899177816,-0.16094286941073757
2021-01-29,S5,-0.9490436729543094,-0.8765647202716399,-0.42877145380237525
2021-01-29,S18,-1.4028958535719054,-1.2126140892402968,0.1494379199776991
2021-01-29,S13,-0.7810023543367943,-0.12418115015750691,0.04681201380894117
2021-01-29,S25,0.5636797454790895,0.3391770241200979,0.8609358182330504
2021-01-29,S2,0.24411999940519746,0.9218155204889664,0.6869723919225955
2021-01-29,S1,1.4306042051250953,-0.5095483446062058,-0.12965448338367908
2021-01-29,S24,1.2892807530660138,0.487130500560222,0.2927387279816361
2021-01-29,S3,0.173809824251426,0.31279772211914525,0.6669478248652795
2021-01-29,S12,0.8336708180695732,1.2991542317199873,0.05494699417597811
2021-01-29,S23,0.0655321545146176,-1.6461521829950854,-0.5382808048970864
2021-01-29,S15,-0.4600364047598264,-0.004900828066242984,0.38410081518065275
2021-02-05,S10,1.7276646951497805,-0.5588661700862513,1.0542980438802845
2021-02-05,S6,0.9001139335898874,0.29100612481400917,1.0242611932943066
2021-02-05,S20,0.6086782575775035,-1.4672316998581885,0.3815977442984871
2021-02-05,S16,-1.0467748164180515,-1.5050802635986857,-0.26794914962328575
2021-02-05,S12,0.7028938922835578,-0.4143534721679872,-0.17783859786535072
2021-02-05,S19,0.6818008397374268,1.291125748502306,0.9554267440347745
2021-02-05,S14,-0.9392002484327805,0.2221905543767423,0.45230949671964316
2021-02-05,S17,-0.21816940223085207,-0.27328155277159,0.5374139067132466
2021-02-05,S7,0.16818501023912363,0.44584115829786347,0.5599415446527313
2021-02-05,S22,-0.5581190990993379,-1.4030038341167381,0.1763459319609716
2021-02-05,S15,-0.8520156312421044,-1.2665196194161565,-0.31363019322279323
2021-02-05,S18,-1.4053567097022872,0.004274581325393823,0.14505754593391063
2021-02-05,S5,-0.6878413722580466,0.8644692117912464,0.036173962559741306
2021-02-05,S25,0.6227402926082576,0.20498666176742414,0.9660647952839744
2021-02-05,S13,-0.7859240665975582,-0.0037539018922870247,0.0380512657213649
2021-02-05,S4,-0.723348010710701,0.12584875576456725,-0.09899186507715806
2021-02-05,S24,1.2386574269552988,-0.1528543045063663,0.20262817622370355
2021-02-05,S23,0.33306237097471875,0.8851138829224234,-0.062071569565228156
2021-02-05,S2,-0.36054750691723897,-1.9604099546586093,-0.38934808740827925
2021-02-05,S1,1.0315939611274403,-1.289458142895246,-0.839900846197948
2021-02-05,S8,0.2803297396093892,-1.6312421427336774,-0.8655573227401374
2021-02-05,S3,-0.08915023082368063,-0.8455977135748681,0.19887356990045568
2021-02-05,S11,-0.8509609786147978,-0.08174488172119242,0.43854260686773533
2021-02-05,S21,1.450994155919689,1.2716280035450802,1.0855864299073448
2021-02-05,S9,1.7125480074917196,-1.1793532301956169,-0.39936037093693855
2021-02-12,S20,0.7496501587608158,0.47222046029881626,0.6325306002355107
2021-02-12,S16,-0.8161574419136808,0.7646866346572043,0.14255447505174518
2021-02-12,S10,1.5529439098926576,-0.5577192439122957,0.7432914867713043
2021-02-12,S25,1.074483167971241,1.4861031980745654,1.770176316179425
2021-02-12,S22,-0.5876493726639219,-0.08403873406910009,0.12378144343551022
2021-02-12,S9,1.5764978185691714,-0.4315573647773042,-0.6415324787863855
2021-02-12,S8,0.15834158571759605,-0.3856803178191232,-1.0826987217679362
2021-02-12,S13,-0.9212711537685693,-0.4292635124293976,-0.2028693066870009
2021-02-12,S2,-0.10145451147559074,0.857587654747515,0.07184272263058947
2021-02-12,S11,-0.6551471408115428,0.6511409434357155,0.7870952272091887
2021-02-12,S5,-1.1469668160121762,-1.48558251864146,-0.7810786804670745
2021-02-12,S1,0.977103575383268,-0.16547049241986544,-0.9368948428818349
2021-02-12,S3,0.3116177675528184,1.3197989028511676,0.9122487713174319
2021-02-12,S24,1.2987726267117732,0.2084274402892875,0.30963445643624926
2021-02-12,S14,-0.5321043342924431,1.3404435739823481,1.1769485171063612
2021-02-12,S12,0.5946162225467494,-0.34095019703490126,-0.37057505579204303
2021-02-12,S21,1.171511209683446,-0.8995032437507293,0.5881010920770844
2021-02-12,S6,0.9373783264213871,0.13387723898225057,1.0905925716716744
2021-02-12,S23,0.27892353610631454,-0.16432356624591327,-0.15843979852857398
2021-02-12,S15,-0.5050349168582403,1.1443191982361365,0.3040025469513782
2021-02-12,S7,-0.16262436385937196,-1.066954465148078,-0.028905880376543545
2021-02-12,S17,-0.3162520965703636,-0.30768933799022175,0.36282471268225014
2021-02-12,S4,-1.0341189848903727,-1.001579673232677,-0.652170530035586
2021-02-12,S18,-1.1547009352790913,0.830061426572609,0.591229930679791
2021-02-12,S19,0.17767688388488317,-1.6323890689076317,0.05807583277868353
2021-02-19,S13,-0.7191294002014759,0.6717856145668923,0.1569471326241929
2021-02-19,S18,-0.9029905082285887,0.8335022050944723,1.0392796185872955
2021-02-19,S24,1.2077209498876387,-0.2847508145111324,0.1475606168160767
2021-02-19,S6,0.4269264548050038,-1.6530337400388122,0.18197784144584245
2021-02-19,S1,1.076592473225854,0.33688317177218674,-0.7598025779686737
2021-02-19,S3,0.07959418954537165,-0.7446682102668739,0.4992420757602355
2021-02-19,S17,-0.0318474380733566,0.9401663392722401,0.8690707986000867
2021-02-19,S23,0.3221642938258845,0.15337498393947538,-0.08147036890200496
2021-02-19,S25,0.7282055553389154,-1.1174192168020747,1.1537951114463363
2021-02-19,S20,0.7732040674373293,0.08914711819802427,0.6744570375117714
2021-02-19,S14,-0.518393850137457,0.05703318532730067,1.201353458207468
2021-02-19,S5,-1.0780628443614801,0.23710059463815036,-0.658428207240998
2021-02-19,S15,-0.5978443480612188,-0.2904854453809036,0.1387998687284998
2021-02-19,S7,-0.20867752858509253,-0.13794426424496053,-0.11088145176744224
2021-02-19,S16,-0.7651825649271952,0.17860735976647596,0.233290794530222
2021-02-19,S9,2.127729591774742,1.81068330530368,0.3396713070222261
2021-02-19,S19,0.32040653944703934,0.47795509116858736,0.31213752731841277
2021-02-19,S10,1.7782880212604968,0.7474827420478908,1.1444085956382184
2021-02-19,S22,-0.7321367826049232,-0.45908359295221257,-0.13340908970692633
2021-02-19,S8,0.041626694962334725,-0.36847642520980967,-1.2904536049876167
2021-02-19,S2,0.17521602775450065,0.9149339634452396,0.5643219186965185
2021-02-19,S21,1.0340548172578228,-0.4361450694731198,0.3434259133454735
2021-02-19,S12,0.8347254706968799,0.7956536413539761,0.05682429733760174
2021-02-19,S4,-0.9613479536062194,0.24971678255164834,-0.5226366118835564
2021-02-19,S11,-0.711043730058791,-0.17005819711568448,0.6875981596431374
2021-02-26,S13,-0.7581515474118181,-0.11500574076586774,0.08748691564412085
2021-02-26,S5,-0.7472534702629839,1.0915605942342297,-0.06958078221172327
2021-02-26,S3,-0.15629644809553225,-0.7572843981803719,0.07935193527708641
2021-02-26,S21,1.0372187751397426,0.022625400108665317,0.3490578228303446
2021-02-26,S16,-1.1044291600441443,-1.0944806933229887,-0.37057505579204303
2021-02-26,S23,0.22091764160445315,-0.3180116735558119,-0.26169147241787244
2021-02-26,S9,2.1442524829358787,0.06620859471893538,0.3690823898876632
2021-02-26,S4,-0.7170200949468626,0.8094167554414297,-0.08772804610741765
2021-02-26,S7,-0.48112945730595746,-0.8765647202716366,-0.5958514351868774
2021-02-26,S2,-0.23152833551006877,-1.3146905187222442,-0.15969133396965765
2021-02-26,S19,0.502158342219539,0.6052638964775333,0.6356594388382161
2021-02-26,S17,-0.5138236887524613,-1.5601327199485002,0.011143253738093646
2021-02-26,S8,0.4265749039292345,1.2681872250232167,-0.6052379509949956
2021-02-26,S24,0.984134592898645,-0.7171419820919656,-0.2504276534481301
2021-02-26,S11,-0.7170200949468626,-0.00719468041415467,0.6769601083939351
2021-02-26,S22,-0.33664204736495734,1.3025950102418506,0.5705795959019312
2021-02-26,S14,-0.8987718977193623,-1.2286710556756593,0.5242727845818806
2021-02-26,S25,0.9131213159933349,0.6155862320431247,1.482948932451011
2021-02-26,S1,1.173620514938059,0.3288546885545078,-0.5870906870993006
2021-02-26,S10,1.3230296371398242,-1.4729663307279606,0.33403939753735507
2021-02-26,S12,0.975697371880192,0.47222046029881626,0.3077571532746256
2021-02-26,S6,0.7011361379047139,0.9069054802275606,0.6700766634679849
2021-02-26,S20,0.9883532034078715,0.7142218830032111,1.0574268824829907
2021-02-26,S18,-1.1181396441991296,-0.6896157539170571,0.6563097736160771
2021-02-26,S15,-1.000721651692331,-1.302074330808745,-0.5783299390117237
2021-03-05,S17,-0.23293453901314343,0.9286970775326933,0.5111316624505172
2021-03-05,S1,1.5578656221534215,1.2658933726753077,0.09687343145223709
2021-03-05,S9,1.9916794028521936,-0.48546289495316536,0.09749919917277892
2021-03-05,S4,-1.102319854789531,-1.2447280221110217,-0.7735694678205801
2021-03-05,S5,-0.6895991266368906,0.20039895707160857,0.0330451239570359
2021-03-05,S12,0.880427084546831,-0.29851392859858716,0.138174101007958
2021-03-05,S15,-0.45933330300828906,1.7785693724329548,0.38535235062173445
2021-03-05,S14,-0.861859055763632,0.1327303128082938,0.5899783952387079
2021-03-05,S8,0.007174709136986938,-1.3559798609846052,-1.3517788416006549
2021-03-05,S18,-1.124819110838738,-0.00948853276206028,0.6444201869257935
2021-03-05,S2,-0.12782082715825488,0.3506462858596449,0.024910143589998955
2021-03-05,S10,1.3704890053686207,0.16713809802693014,0.4185180398104192
2021-03-05,S3,0.16572415410874236,1.0628874398853672,0.6525551672928318
2021-03-05,S6,0.6371538785147809,-0.19643749911664066,0.5561869383294834
2021-03-05,S22,-0.12782082715825488,0.6935772118720296,0.9422856219034086
2021-03-05,S11,-0.5665563201177908,0.503187466995588,0.944788692785572
2021-03-05,S25,1.0611242346920242,0.4951589837779044,1.746397142798859
2021-03-05,S16,-0.8119388314044542,0.9665456412731905,0.1500636876982403
2021-03-05,S21,1.3757622685051538,1.116792970061228,0.9516721377115274
2021-03-05,S23,0.2708378659636309,0.17516658124460796,-0.17283245610102177
2021-03-05,S19,0.46067533887881423,-0.1230342239835513,0.5618188478143549
2021-03-05,S13,-0.9827925570281197,-0.7205827606138335,-0.3123786577817108
2021-03-05,S7,-0.42839682594062917,0.1843419906362437,-0.5019862771056964
2021-03-05,S24,0.8811301862983697,-0.3237463044255831,-0.43377759556670487
2021-03-05,S20,0.6884803063770345,-0.9660249618400883,0.5236470168613413
2021-03-12,S19,0.34079649024163305,-0.37879876077539987,0.3484320551098026
2021-03-12,S10,1.9748049608152878,1.9838691575708045,1.4942127514207528
2021-03-12,S11,-0.6129610357192794,-0.1390911904189127,0.862187353674134
2021-03-12,S13,-0.9458797150723894,0.1327303128082938,-0.2466730471248854
2021-03-12,S21,1.10577119591467,-0.8685362370539575,0.4710825283358799
2021-03-12,S6,0.3622410936635334,-0.8845932034893189,0.0668365808662598
2021-03-12,S1,0.9036294423475766,-2.1221265451861893,-1.0676802964749472
2021-03-12,S16,-0.9525591817119972,-0.4464674050387112,-0.10024340051824172
2021-03-12,S25,1.2052600937572562,0.4825427958644064,2.0029619082207537
2021-03-12,S5,-0.688192923133816,0.016890769238890043,0.03554819483919948
2021-03-12,S2,-0.1179774026367273,0.044416997413798315,0.042431639765152095
2021-03-12,S12,0.6353961241359369,-0.787104478703188,-0.29798600020926297
2021-03-12,S9,2.1101520479862987,0.39881718516573034,0.3083829209951653
2021-03-12,S8,0.24798705903865464,0.7979474937018839,-0.9231279530299286
2021-03-12,S7,-0.3419153105014904,0.2944469033358726,-0.34804741785255955
2021-03-12,S20,1.1500666062615454,1.5182171309452905,1.3452800339319455
2021-03-12,S14,-0.7785414982064118,0.28412456777028583,0.7382853450069752
2021-03-12,S3,0.23040951525021144,0.2233374805506933,0.7676964278724119
2021-03-12,S23,0.4314966161899995,0.5364483260402676,0.11314339218631035
2021-03-12,S22,-0.5018709589763205,-1.2080263845444787,0.27646876724756486
2021-03-12,S15,-0.4501929802382988,0.04212314506589064,0.40162231135580595
2021-03-12,S4,-1.1617319527944683,-0.1815274588552303,-0.879324212592044
2021-03-12,S17,-0.3099241808065239,-0.2388737675529548,0.3740885316519923
2021-03-12,S18,-1.250322773488221,-0.3971495795586713,0.42102111069258213
2021-03-12,S24,0.989407856035178,0.3655563261210507,-0.24104113764001203
2021-03-19,S12,0.8691774565222276,0.7750089702227946,0.11814953395063935
2021-03-19,S7,-0.4041398155125782,-0.19070286824686603,-0.4588083043883532
2021-03-19,S25,1.173620514938059,-0.09092029111282725,1.9466428133720453
2021-03-19,S4,-1.115327237192979,0.16369731950506444,-0.7967228734806048
2021-03-19,S17,-0.1840689672812723,0.4229026348187752,0.5981133756057448
2021-03-19,S23,0.058501136999240574,-1.2045856060226152,-0.5507961593079106
2021-03-19,S6,0.42270784429577735,0.20957436646324432,0.17446862879934796
2021-03-19,S21,0.8828879406772137,-0.7148481297440578,0.07434579351275492
2021-03-19,S13,-0.809829526149841,0.4561634938634537,-0.004500939275437785
2021-03-19,S15,-0.9304114765385595,-1.5543980890787281,-0.45317639490348227
2021-03-19,S24,1.4291980016220194,1.4471077081601136,0.5417942807570363
2021-03-19,S10,2.094683809452469,0.4034048898615493,1.7075995441253045
2021-03-19,S3,0.05357942473847553,-0.5646008009560225,0.45293526444018495
2021-03-19,S18,-1.0622430549518815,0.6259085676087149,0.7558068411821277
2021-03-19,S14,-0.9019358556012822,-0.3902680225149468,0.5186408750970097
2021-03-19,S2,0.0345956774469577,0.5100690240393148,0.3140148304800364
2021-03-19,S11,-0.7940097367402418,-0.5783639150434773,0.5399169775954127
2021-03-19,S9,1.629933551686038,-1.5543980890787281,-0.546415785264122
2021-03-19,S1,1.1166692730635044,0.7073403259594797,-0.688465057826976
2021-03-19,S19,0.4729796195307243,0.4435473059499557,0.5837207180332972
2021-03-19,S22,-0.474801541542119,0.10061637993756666,0.32465288172923656
2021-03-19,S8,0.5200874368837515,0.9000239231838337,-0.43878373733103454
2021-03-19,S20,1.2165097217818597,0.2290721114204691,1.4635501331142335
2021-03-19,S16,-0.8347896383294293,0.39652333281782254,0.10938878586306311
2021-03-19,S5,-1.236612289333235,-1.7769017668258946,-0.9406494492050823
2021-03-26,S7,-0.026574174936823517,1.2441017753701729,0.2132662274729034
2021-03-26,S9,2.0799186726701775,1.4803685672047933,0.2545668970286224
2021-03-26,S25,1.1876825499688144,0.058180111501256515,1.9716735221936936
2021-03-26,S20,0.6526221170486108,-1.8273665184798913,0.45981870936613817
2021-03-26,S19,0.41919233553808943,-0.16317664007195767,0.4879782567904931
2021-03-26,S16,-1.0105650762138585,-0.5611600224341591,-0.20349507440754022
2021-03-26,S8,0.472276517779187,-0.14367889511473173,-0.5238881473246387
2021-03-26,S17,-0.47831705029980687,-0.9476741430568146,0.07434579351275492
2021-03-26,S3,-0.2297705811312236,-0.9121194316642227,-0.05143351831602576
2021-03-26,S1,0.7939455691076923,-1.0405751631471254,-1.2629198252838039
2021-03-26,S13,-0.8224853576775192,-0.02898627771928359,-0.027028577214919924
2021-03-26,S6,0.44907415997844147,0.098322527589659,0.22140120783993786
2021-03-26,S10,1.5947784641091518,-1.618625954820178,0.8177578455157077
2021-03-26,S11,-1.0288457217538391,-0.7538436196585085,0.12190414027388659
2021-03-26,S12,0.8470297513487899,-0.05995328441605536,0.07872616755654395
2021-03-26,S23,0.21353507321330686,0.5180975072569938,-0.2748325945492384
2021-03-26,S24,1.5571625204018842,0.42978419186250205,0.7695737310340361
2021-03-26,S4,-0.6653421162088397,1.4803685672047933,0.004259808812140992
2021-03-26,S15,-0.5711264815027853,1.1844616143245406,0.18635821548963216
2021-03-26,S2,-0.37988280508452604,-1.3399228945492425,-0.42376531203804557
2021-03-26,S18,-1.2127068297809527,-0.47858133790943624,0.4879782567904919
2021-03-26,S22,-0.4825356608090333,-0.012929311283921848,0.310885991877331
2021-03-26,S14,-0.6980363476553435,0.6775202454366681,0.8815861530109108
2021-03-26,S5,-0.8168605436652181,1.381732916244709,-0.19348279087888215
2021-03-26,S21,1.5803648782026285,2.2878045936687386,1.315868951066509
2021-04-02,S2,-0.45195073461714275,-0.22281680111759342,-0.552047694748993
2021-04-02,S23,0.10701515785534241,-0.3352155661651301,-0.464440213873224
2021-04-02,S19,0.6237949452355641,0.6798140977845714,0.8521750701454736
2021-04-02,S11,-0.868890073279009,0.5341544736923551,0.406628453120135
2021-04-02,S16,-0.6530378355569295,1.1787269834547682,0.43291069738286636
2021-04-02,S13,-0.733542986107998,0.302475386553555,0.13129065608200532
2021-04-02,S9,1.9969526659887267,-0.25837151251018076,0.10688571498089702
2021-04-02,S5,-1.077711293485711,-0.8387161565311391,-0.6578024395204569
2021-04-02,S14,-0.7549875895298983,-0.17349897563754788,0.780211782283236
2021-04-02,S7,-0.5602284043539512,-1.728730867519807,-0.7366491723086489
2021-04-02,S24,1.5645450887930306,0.03638851419611946,0.7827148531654016
2021-04-02,S10,1.5139217626823143,-0.2514899554664528,0.6738312697912296
2021-04-02,S22,-0.0859862729417608,1.306035788763714,1.0167519806478122
2021-04-02,S21,0.8494906074791725,-2.3721564511082636,0.01489786006134089
2021-04-02,S4,-1.2077851175201888,-1.7574040218686686,-0.9612997839829421
2021-04-02,S12,0.8329677163180359,-0.033573982415102954,0.053695458734896326
2021-04-02,S8,0.43044196356269293,-0.12418115015750691,-0.5983545060690423
2021-04-02,S3,0.0004952424973779546,0.7635397084832487,0.35844433863846303
2021-04-02,S20,0.9430031404336882,0.959664084229466,0.976702846533175
2021-04-02,S25,1.056905624182799,-0.4143534721679872,1.7388879301523648
2021-04-02,S17,-0.5356198430501309,-0.1746459018115035,-0.027654344935461758
2021-04-02,S18,-1.1469668160121762,0.22677825907255902,0.6049968205316976
2021-04-02,S6,0.08908606319113119,-1.1621493375863001,-0.4193849379942572
2021-04-02,S15,-0.47761394854826955,0.3173854268149608,0.35281242915359196
2021-04-02,S1,1.479118225981197,2.2476621775803323,-0.04329853794899381
2021-04-09,S15,-0.5324558851682111,-0.16661741859382107,0.25519266474916424
2021-04-09,S14,-0.5338620886712869,0.7337196279604326,1.173819678503655
2021-04-09,S4,-1.0432593076603631,0.5490645139537655,-0.6684404907696574
2021-04-09,S11,-0.6006567550673693,0.8874077352703358,0.8840892238930764
2021-04-09,S21,1.1483088518827016,0.9871903124043698,0.5468004225213653
2021-04-09,S10,1.7093840496097998,0.6499940172617599,1.021758122412142
2021-04-09,S18,-1.3245000082754494,-0.5668946533039303,0.28898412165838866
2021-04-09,S3,-0.37812505070568214,-1.2229364248058867,-0.3155074963844168
2021-04-09,S23,-0.009348182024149627,-0.36732949903585405,-0.6715693293723635
2021-04-09,S16,-0.6312416812592612,0.08341248732824896,0.47170829605641984
2021-04-09,S9,1.4524003594227648,-1.7642855789123955,-0.8624284841374315
2021-04-09,S20,0.42868420918384775,-1.6656499279523114,0.061204671381388936
2021-04-09,S22,-0.081064560680997,0.02836003097843646,1.0255127287353891
2021-04-09,S12,0.42376249692308393,-1.3227190019399255,-0.6746981679750694
2021-04-09,S13,-0.8646714627697826,-0.4155003983419428,-0.10212070367986535
2021-04-09,S24,1.2734609636564158,-0.9373518074912233,0.26457918055728297
2021-04-09,S2,-0.4305061311952424,0.08226556115429713,-0.5138758637959794
2021-04-09,S8,0.0637744001357724,-1.183940934891435,-1.2510302385935208
2021-04-09,S1,1.2692423531471893,-0.6724118613077401,-0.41688186711209235
2021-04-09,S25,1.2667814970168068,0.6970179903938896,2.112471259315465
2021-04-09,S5,-0.8534218347451791,0.744041963526025,-0.25856263381516703
2021-04-09,S7,-0.5250733167770648,0.12699568193852262,-0.6740724002545283
2021-04-09,S19,0.14603730506568594,-1.5463696058610468,0.0017567379299749126
2021-04-09,S6,0.49231491769801144,1.327827386068849,0.2983706374665071
2021-04-09,S17,-0.1355549464251705,1.3175050505032586,0.6844693210404301
2021-04-16,S4,-1.0889609215103142,-0.13679733807100491,-0.7497902944400143
2021-04-16,S14,-0.7824085578398703,-0.798573740442735,0.73140190008102
2021-04-16,S15,-0.49624614496401936,0.1304364604603826,0.3196467399649075
2021-04-16,S24,1.3701374544928513,0.32770776238055216,0.43666530370611356
2021-04-16,S17,-0.4389433522136953,-0.9774942235796308,0.1444317782133688
2021-04-16,S22,-0.019894708297215784,0.21186821881115092,1.134396312109559
2021-04-16,S23,-0.08704092556906741,-0.2411676199008626,-0.8098639956119701
2021-04-16,S18,-1.1329047809814217,0.6373778293482596,0.6300275293533464
2021-04-16,S20,0.9363236737940804,1.6684644597333258,0.9648132598428919
2021-04-16,S25,1.1609646834103808,-0.3329217138172177,1.9241151754325616
2021-04-16,S9,2.0595287218755827,1.9930445669624404,0.21827236923723056
2021-04-16,S1,1.2267046971791566,-0.12647500250541813,-0.4925997612975784
2021-04-16,S8,0.401263240873877,1.1133521915393647,-0.6502932268739624
2021-04-16,S5,-0.9335754344204794,-0.24919610311854618,-0.4012376740985621
2021-04-16,S7,-0.4600364047598264,0.22448440672465006,-0.5583053719544051
2021-04-16,S16,-0.8861160661916829,-0.819218411573912,0.0180266986640463
2021-04-16,S10,1.886917241873073,0.5915007823900797,1.3377708212854513
2021-04-16,S6,-0.007941978521073723,-1.6197728809941327,-0.5920968288636302
2021-04-16,S21,1.1184270274423482,-0.08518566024305604,0.49361016627536214
2021-04-16,S12,0.3734907216881369,-0.15170737833241527,-0.764182952012462
2021-04-16,S19,0.458566033624201,1.0319204331885952,0.5580642414911077
2021-04-16,S3,0.04900926335348103,1.405818365897753,0.4448002840731505
2021-04-16,S11,-0.5503849798324235,0.17631350741856014,0.9735740079304688
2021-04-16,S13,-0.6467099197930899,0.7233972923948457,0.28585528305568325
2021-04-16,S2,-0.3619537104203148,0.2359536684641959,-0.3918511582904441
2021-04-23,S23,0.06025889137808452,0.4928651314299966,-0.5476673207052045
2021-04-23,S7,-0.643194411035402,-0.585245472087204,-0.8843303543563736
2021-04-23,S12,0.973939617501348,1.9712529696573053,0.3046283146719202
2021-04-23,S6,0.553836320957562,1.845091090522314,0.40787998856121865
2021-04-23,S4,-0.9975576938104112,0.3105038697712363,-0.5870906870993006
2021-04-23,S24,1.331115307282508,-0.11500574076587232,0.3672050867260395
2021-04-23,S1,0.675472923973587,-1.7860771762175305,-1.4738035471061905
2021-04-23,S9,2.021912778168315,-0.11041803607005216,0.15131522313932147
2021-04-23,S15,-0.926192866029333,-1.3903876462032392,-0.44566718225698787
2021-04-23,S25,0.9162852738752548,-0.7859575525292369,1.488580841935882
2021-04-23,S10,1.6239571867979676,-0.8455977135748647,0.8696965663206291
2021-04-23,S21,1.5884505483453122,1.545743359120198,1.3302616086389565
2021-04-23,S14,-0.9915813289223407,-0.6701180089598323,0.35907010635900277
2021-04-23,S11,-0.6424913092838647,-0.2881915930329958,0.8096228651486709
2021-04-23,S13,-0.8179151962925246,-0.5462499821727532,-0.018893596847885552
2021-04-23,S22,-0.49624614496401936,-1.5417819011652287,0.286481050776223
2021-04-23,S8,-0.03571449770681377,-1.4133261696823285,-1.428122503506682
2021-04-23,S16,-0.6312416812592612,0.8438245406600614,0.47170829605641984
2021-04-23,S17,-0.11516499563057675,1.0686220707551382,0.7207638488318201
2021-04-23,S19,0.517626580753369,0.20498666176742414,0.6631932185420297
2021-04-23,S5,-1.2165738894144105,-0.9109725054902718,-0.9049806891342336
2021-04-23,S3,0.08627365618497937,0.133877238982246,0.5111316624505172
2021-04-23,S18,-1.0819299039949373,0.17860735976647252,0.7207638488318209
2021-04-23,S2,-0.2842609668753971,0.26577374898701206,-0.253556492050838
2021-04-23,S20,1.1374107747338673,0.6683448360450289,1.3227523959924623
2021-04-30,S19,0.42270784429577735,-0.29736700242463154,0.49423593399590393
2021-04-30,S8,0.3988023847434957,1.4299038155507966,-0.6546736009177508
2021-04-30,S9,1.6640339866356166,-1.1552677805425733,-0.48571631637162505
2021-04-30,S17,-0.2948074931484632,-0.573776210347657,0.4009965436352635
2021-04-30,S10,1.5476706467561245,-0.23657991520504704,0.7339049709631855
2021-04-30,S11,-0.7947128384917804,-0.48431596877920974,0.5386654421543283
2021-04-30,S15,-0.957480893972761,-0.08977336493887128,-0.5013605093851553
2021-04-30,S12,0.9560105228371356,-0.046190170328605305,0.27271416092431744
2021-04-30,S14,-0.6674514214634529,1.069768996929095,0.9360279446979958
2021-04-30,S7,-0.2519182863046625,1.2888318961543972,-0.1878508813940113
2021-04-30,S16,-0.9237320098989505,-0.9419395121870388,-0.04893044743386218
2021-04-30,S13,-0.6312416812592612,0.6213208629128959,0.31338906275949446
2021-04-30,S20,1.0734285153439342,-0.19643749911664066,1.2088626708539625
2021-04-30,S21,1.183815490335356,-1.3078089616785176,0.6100029622960265
2021-04-30,S6,0.48493234930686513,-0.21249446555200321,0.2852295153351413
2021-04-30,S18,-1.396216386932297,-1.0130489349722194,0.16132750666798198
2021-04-30,S1,0.7285571062146846,0.18548891681019933,-1.3793126213044684
2021-04-30,S2,-0.506089569485547,-0.7114073512221943,-0.6484159237123388
2021-04-30,S24,0.802031239250376,-1.7138208272583988,-0.5745753326884765
2021-04-30,S25,1.3687312509897755,1.4883970504224744,2.2939438982724147
2021-04-30,S23,0.2107226662071563,0.503187466995588,-0.2798387363135674
2021-04-30,S4,-1.3273124152816007,-1.0635136866262171,-1.1740608089669522
2021-04-30,S22,-0.5890555761669978,-0.2904854453809036,0.12127837255334475
2021-04-30,S5,-0.8442815119751889,1.2268978827608559,-0.2422926730810957
2021-04-30,S3,-0.2557853459381197,-1.103656102714621,-0.09774032963607635
2021-05-07,S12,0.33868718498701983,-2.0016992969209704,-0.8261339563460415
2021-05-07,S15,-0.9634572588608314,-0.007194680414150659,-0.5119985606343557
2021-05-07,S4,-1.2454010612274564,0.27953686307446685,-1.0282569300808513
2021-05-07,S23,0.167130357611817,-0.12991578102728155,-0.35743393366067777
2021-05-07,S3,0.11017911573726225,1.2062532116296754,0.5536838674473205
2021-05-07,S22,-0.49273063620633023,0.3265608362066,0.2927387279816361
2021-05-07,S14,-0.9437704098177763,-0.889180908185138,0.44417451635260613
2021-05-07,S2,-0.3946479418668187,0.37587866168664097,-0.45004755630077625
2021-05-07,S25,0.9595260315948247,-1.3227190019399255,1.5655502715624505
2021-05-07,S1,0.6027018926894331,-0.3982965057326258,-1.6033374652582202
2021-05-07,S5,-0.9103730766197339,-0.20331905616036403,-0.35993700454284255
2021-05-07,S18,-1.2320421279482399,0.5479175877798123,0.45356103216072613
2021-05-07,S21,1.7339926109136201,1.8072425267818164,1.5893294449430164
2021-05-07,S9,1.57403696243879,-0.2813100359892655,-0.645912852830174
2021-05-07,S17,-0.15910885510168407,0.45501656768949805,0.6425428837641693
2021-05-07,S13,-0.9536138343393038,-1.0394282369731698,-0.26043993697679063
2021-05-07,S8,-0.10989173249404367,-1.6472991091690399,-1.5601594925408768
2021-05-07,S19,0.6923473660104917,0.8919954399661502,0.9741997756510101
2021-05-07,S11,-0.6224529093650389,0.5742968897807661,0.8452916252195208
2021-05-07,S7,-0.26457411783234064,-0.02898627771928359,-0.21037851933349289
2021-05-07,S20,0.6937535695135676,-1.2263772033277502,0.5330335326694593
2021-05-07,S16,-1.1163818898202857,-0.6162124787839759,-0.3918511582904441
2021-05-07,S6,0.47544047566110686,-0.01866394215369304,0.2683337868805303
2021-05-07,S10,1.6204416780402786,0.24971678255165064,0.8634388891152158
2021-05-14,S14,-0.7708073789394975,0.5765907421286739,0.7520522348588805
2021-05-14,S5,-1.0126743814684718,-0.3214524520776753,-0.5420354112203337
2021-05-14,S18,-1.1624350545460063,0.23939444698605816,0.5774630408278838
2021-05-14,S9,1.9378921188595588,1.1993716545859485,0.0017567379299749126
2021-05-14,S25,1.1374107747338673,0.5926477085640354,1.8821887381563012
2021-05-14,S11,-0.8520156312421044,-0.7366397270491949,0.43666530370611173
2021-05-14,S12,0.7246900465812275,1.2716280035450802,-0.13904099919179533
2021-05-14,S1,1.1880341008445823,1.9219351441772632,-0.5614342105571111
2021-05-14,S7,-0.5869462709123846,-1.0394282369731744,-0.7842075190697807
2021-05-14,S8,0.14181869455645948,0.8335022050944746,-1.112109804633373
2021-05-14,S17,-0.41820185054333225,-0.8329815256613655,0.18135207372530063
2021-05-14,S13,-1.1265768652175825,-0.5519846130425244,-0.5683176554830643
2021-05-14,S15,-0.45124763286560543,1.683374499994734,0.39974500819418174
2021-05-14,S16,-1.0432593076603631,0.250863708725604,-0.26169147241787366
2021-05-14,S21,1.8429733824019658,0.3678501784689585,1.7833174383107901
2021-05-14,S20,0.9904625086624846,0.9803087553606464,1.0611814888062379
2021-05-14,S10,1.864417985823866,0.808269829267474,1.297721687170814
2021-05-14,S3,-0.12360221664902843,-0.7504028411366451,0.13754833328741864
2021-05-14,S23,0.34606975337816615,0.5960884870858987,-0.03891816390520411
2021-05-14,S4,-1.209894422774802,0.1281426081124748,-0.9650543903061894
2021-05-14,S2,-0.5598768534781818,-0.5267522372155239,-0.7441583849551434
2021-05-14,S19,0.699729934401638,0.03638851419611946,0.9873408977823753
2021-05-14,S6,0.5643828472306281,0.302475386553555,0.4266530201774555
2021-05-14,S22,-0.44738057323214697,0.1602565409832022,0.37346276393145256
2021-05-14,S24,1.183815490335356,-2.0338132297916953,0.10500841181927341
2021-05-21,S13,-1.0362282901449853,0.30706309124937403,-0.4074953513039742
2021-05-21,S14,-1.027087967374995,-0.823806116269731,0.2958675665843415
2021-05-21,S24,1.2006899323722617,0.06735552089289122,0.13504526240525258
2021-05-21,S6,0.09084381756997513,-1.532606491773593,-0.4162560993915511
2021-05-21,S21,1.331115307282508,-1.65762144473463,0.8721996372027921
2021-05-21,S1,0.8544123197399363,-1.0761298745397125,-1.1552877773507162
2021-05-21,S3,-0.5531973868385741,-1.3892407200292847,-0.6271398212139377
2021-05-21,S11,-0.9304114765385595,-0.2434614722487704,0.29711910202542324
2021-05-21,S23,0.08100039304844754,-0.8524792706185915,-0.5107470251932733
2021-05-21,S2,-0.3317203351041935,0.7566581514395208,-0.33803513432390025
2021-05-21,S8,0.12107719288609645,-0.05536557972024013,-1.1490301001453043
2021-05-21,S5,-1.094585735522616,-0.2549307339883174,-0.6878392901064347
2021-05-21,S16,-1.1198973985779743,-0.23772684137899922,-0.39810883549585613
2021-05-21,S20,0.9074965019810338,-0.25837151251018076,0.9135003067585138
2021-05-21,S9,2.0760516130367193,0.46304505090717707,0.24768345210266726
2021-05-21,S12,0.356264728775463,-1.1896755657612073,-0.7948455703189811
2021-05-21,S22,-0.605226916452365,-0.5026667875624835,0.09249305740844989
2021-05-21,S4,-1.0070495674561708,0.6740794669148025,-0.6039864155539131
2021-05-21,S15,-1.0327127813872976,-1.8847128271776146,-0.6352748015809735
2021-05-21,S18,-1.077711293485711,0.28871227246610254,0.7282730614783158
2021-05-21,S19,0.7296117588419913,0.1097917893292055,1.040531154028378
2021-05-21,S25,1.4467755454104625,1.021598097623005,2.4328643322325627
2021-05-21,S7,-0.5595253026024138,0.10176330611152251,-0.7353976368675665
2021-05-21,S17,-0.2543791424350438,0.5467706616058577,0.47295983149750354
2021-05-21,S10,1.9136351084315066,0.17287272889670136,1.3853291680465827
2021-05-28,S14,-0.7504174281449038,0.9149339634452396,0.7883467626502704
2021-05-28,S19,0.4842292475553278,-0.7882514048771436,0.6037452850906156
2021-05-28,S2,-0.6228044602408083,-0.9373518074912233,-0.8561708069320194
2021-05-28,S1,0.6505128117939976,-0.6529141163505187,-1.518233055264616
2021-05-28,S24,1.6601669270021595,1.5113355739015637,0.9529236731526091
2021-05-28,S18,-1.1244675599629694,-0.1402381165928706,0.6450459546463349
2021-05-28,S25,1.47208720846582,0.09488174906779548,2.47791960811153
2021-05-28,S6,0.09787483508535215,0.03524158802216361,-0.40374074498072693
2021-05-28,S10,1.3599424790955545,-1.7941056594352116,0.39974500819418174
2021-05-28,S16,-0.7933066349887045,1.0777974801467751,0.18322937688692423
2021-05-28,S11,-0.861859055763632,0.2359536684641959,0.41914380753095853
2021-05-28,S13,-1.169114521185614,-0.421235029211714,-0.6440355496685504
2021-05-28,S9,1.6390738744560285,-1.4133261696823285,-0.5301458245300507
2021-05-28,S23,0.7303148605935286,2.1306757078369762,0.6450459546463349
2021-05-28,S20,0.599186383931744,-0.9935511900149956,0.36470201584387385
2021-05-28,S17,-0.02868348019143675,0.7486296682218417,0.8747027080849582
2021-05-28,S22,-0.4937852888336368,0.37587866168664097,0.2908614248200123
2021-05-28,S21,1.3490444019467203,0.07079629941475474,0.904113790950395
2021-05-28,S15,-0.44808367498368556,1.9196412918293544,0.4053769176790532
2021-05-28,S8,-0.12676617453094827,-0.7962798880948225,-1.5901963431268549
2021-05-28,S4,-1.4394571446518662,-1.3984161294209203,-1.3736807118195973
2021-05-28,S7,-0.5848369656577713,-0.07027561998164604,-0.7804529127465334
2021-05-28,S5,-0.9901751254192649,0.3529401382075527,-0.5019862771056964
2021-05-28,S3,-0.3535164894018619,0.6637571313492134,-0.2717037559465305
2021-05-28,S12,0.7190652325689251,1.1959308760640852,-0.14905328272045526
2021-06-04,S8,0.12353804901647897,0.8289145003986556,-1.1446497261015158
2021-06-04,S18,-1.3308279240392893,-0.6609425995681977,0.2777203026886465
2021-06-04,S17,-0.26281636345349674,-0.7515497673106007,0.45794140620451396
2021-06-04,S2,-0.286018721254241,1.1110583391914568,-0.2566853306535434
2021-06-04,S9,1.603918786879142,-0.10238955285237318,-0.5927225965841714
2021-06-04,S14,-0.7391678001203003,0.04900470210961768,0.808371329707589
2021-06-04,S24,1.1012010345296743,-1.8113095520445288,-0.04204700250790952
2021-06-04,S12,0.32181274295011525,-1.2837235120254735,-0.8561708069320194
2021-06-04,S3,-0.183365865529735,0.5674153327370347,0.031167820795412277
2021-06-04,S4,-1.3919977764230704,0.16713809802692786,-1.2892020695465345
2021-06-04,S13,-0.6298354777561853,1.771687815389228,0.3158921336416601
2021-06-04,S23,-0.004778020639155125,-2.3859195651957172,-0.6634343490053277
2021-06-04,S15,-0.5725326850058612,-0.3937088010368056,0.1838551446074667
2021-06-04,S22,-0.023058666179135632,1.5480372114681067,1.1287644026246881
2021-06-04,S25,1.421463882355105,-0.1528543045063663,2.387809056353596
2021-06-04,S19,0.429035760059617,-0.16776434476777669,0.5054997529656463
2021-06-04,S10,1.3666219457351634,0.034094661848211784,0.4116345948844659
2021-06-04,S16,-0.9339269852962474,-0.4464674050387112,-0.06707771132955719
2021-06-04,S7,-0.7040127125434139,-0.3765049084274887,-0.9925881700100025
2021-06-04,S6,-0.1879360269147295,-0.9201479148819062,-0.9124899017807281
2021-06-04,S21,1.568763699302257,0.729131923264617,1.295218616288649
2021-06-04,S5,-1.1223582547083562,-0.4189411768638062,-0.7372749400291901
2021-06-04,S1,0.8797239827952937,0.7600989299613887,-1.1102325014717493
2021-06-04,S11,-0.7244026633380076,0.4607511985592738,0.6638189862625716
2021-06-04,S20,0.9398391825517683,1.1236745271049549,0.9710709370483039
2021-06-11,S5,-1.2703611734070455,-0.47055285469175495,-1.0007231503770382
2021-06-11,S19,0.27224406946670554,-0.4992260090406201,0.22640734960426684
2021-06-11,S25,1.079756431107774,-1.102509176540669,1.779562831987543
2021-06-11,S10,2.070778349900186,2.3095961909738736,1.6650473391285021
2021-06-11,S21,1.5202496784461539,-0.1459727474626441,1.2088626708539625
2021-06-11,S8,0.29474332551591254,0.5708561112588981,-0.839900846197948
2021-06-11,S12,0.576687127882537,0.8438245406600614,-0.4024892095396445
2021-06-11,S22,-0.5756966428877811,-1.7906648809133483,0.14505754593391063
2021-06-11,S17,0.04338444934117867,1.0112757620574149,1.0029850907959057
2021-06-11,S1,0.8695290073979969,-0.02095779450160473,-1.128379765367444
2021-06-11,S7,-0.3422668613772584,1.1924900975422217,-0.34867318557310084
2021-06-11,S18,-0.8963110415889798,1.4299038155507966,1.0511692052775785
2021-06-11,S14,-0.9673243184942898,-0.7320520223533759,0.4022480790763453
2021-06-11,S2,-0.2571915494411956,0.10635101080733786,-0.20537237756916635
2021-06-11,S9,2.128784244402049,1.724663842257095,0.3415486101838498
2021-06-11,S11,-0.5465179201989652,0.5926477085640354,0.9804574528564222
2021-06-11,S6,0.1488497120718365,1.1110583391914524,-0.313004425502252
2021-06-11,S3,-0.31941605445228344,-0.4315573647773042,-0.21100428705403534
2021-06-11,S4,-1.3420775520638928,0.17516658124460796,-1.200343053229683
2021-06-11,S13,-1.148021468639483,-1.6782661158658105,-0.6064894864360779
2021-06-11,S23,0.713440418556624,2.355473237932052,0.6150091040603581
2021-06-11,S16,-1.0710318268461025,-0.4349981432991688,-0.3111271223406284
2021-06-11,S20,0.9380814281729244,0.006568433673303516,0.967942098445598
2021-06-11,S15,-1.0200569498596181,-1.4477339549009625,-0.6127471636414901
2021-06-11,S24,1.1156146204361976,0.05932703767520834,-0.016390525965720097
2021-06-18,S14,-0.606633119955441,1.1890493190203584,1.0442857603516251
2021-06-18,S20,1.0217505366059125,0.285271493944238,1.1168748159344053
2021-06-18,S13,-1.1198973985779743,0.10405715845943224,-0.5564280687927814
2021-06-18,S16,-1.1111086266837527,-0.11844651928773572,-0.3824646424823259
2021-06-18,S17,-0.31273658781267444,-1.1495331496728007,0.3690823898876632
2021-06-18,S7,-0.5837823130304647,-0.7756352169636457,-0.7785756095849097
2021-06-18,S15,-0.9972061429346418,0.08685326585011661,-0.5720722618063117
2021-06-18,S19,0.5162203772502943,0.8082698292674786,0.6606901476598662
2021-06-18,S4,-1.154349384403322,0.6247616414347615,-0.8661830904606788
2021-06-18,S2,-0.4730437871632738,-0.6919096062649649,-0.5895937579814654
2021-06-18,S10,1.7779364703847274,-0.9430864383609944,1.143782827917677
2021-06-18,S22,-0.025167971433748864,1.808389452955771,1.1250097963014407
2021-06-18,S24,1.2242438410487753,0.36670325229500633,0.1769716996815134
2021-06-18,S6,-0.15770265159860816,-0.9878165591452209,-0.8586738778141842
2021-06-18,S8,-0.42417821543140266,-2.3331609611938116,-2.119595834704716
2021-06-18,S25,1.2956086688298534,0.7165157353511189,2.1637842123998436
2021-06-18,S11,-0.8404144523417316,-0.9465272168828625,0.4573156384839721
2021-06-18,S23,0.7032454431593271,-0.02095779450160473,0.596861840164663
2021-06-18,S3,-0.21606009697623882,0.3494993596856882,-0.027028577214919924
2021-06-18,S18,-1.1617319527944683,-0.8536261967925495,0.5787145762689668
2021-06-18,S21,1.09030295738084,-1.3903876462032392,0.4435487486320668
2021-06-18,S12,1.0041729928174694,1.4069652920717073,0.35844433863846303
2021-06-18,S9,1.8004357264339343,-1.058925981930399,-0.24291844080163816
2021-06-18,S1,0.750001709636585,-0.37765183460144425,-1.3411407903514547
2021-06-18,S5,-1.4893773690110446,-0.7022319418305597,-1.39057644027421
2021-06-25,S6,0.10385119997342256,0.8656161379651985,-0.3931026937315265
2021-06-25,S15,-0.7187778493257065,0.9206685943150108,-0.07646422713767592
2021-06-25,S20,0.7053547484139404,-1.0199304920159449,0.5536838674473205
2021-06-25,S11,-0.7813539052125636,0.20498666176742414,0.5624446155348942
2021-06-25,S22,-0.861859055763632,-2.717381229468558,-0.36431737858663094
2021-06-25,S5,-1.0323612305115282,1.5033070906838826,-0.5770784035706412
2021-06-25,S7,-0.8882253714462961,-0.9809350021014942,-1.3204904555735948
2021-06-25,S2,-0.3981634506245078,0.25659833959537287,-0.45630523350618835
2021-06-25,S1,0.4459102020965216,-0.979788075927542,-1.8824298686195982
2021-06-25,S24,1.1324890624731034,-0.2870446668590402,0.0136463246202591
2021-06-25,S14,-0.8984203468435931,-0.9396456598391311,0.524898552302423
2021-06-25,S3,-0.73002747735031,-1.6645030017783569,-0.9419009846461646
2021-06-25,S4,-1.4152001342238154,-0.8387161565311413,-1.3305027391022541
2021-06-25,S21,0.8969499757079676,-0.6185063311318836,0.09937650233440254
2021-06-25,S16,-0.722996459834933,1.278509560588807,0.3083829209951653
2021-06-25,S17,0.011041768770444112,1.0686220707551382,0.945414460506114
2021-06-25,S23,0.19912148730678353,-1.6323890689076317,-0.3004890710914278
2021-06-25,S12,0.42727800568077307,-1.8698027869162066,-0.6684404907696574
2021-06-25,S19,0.3485306095085487,-0.5347807204332062,0.3621989449617104
2021-06-25,S9,2.1702672477427734,1.2188693995431747,0.4153892012077113
2021-06-25,S13,-0.8161574419136808,1.0032472788397335,-0.01576475824518014
2021-06-25,S8,-0.4199596049221762,0.026066178630528902,-2.112086622058221
2021-06-25,S10,1.614113762276439,-0.5221645325197083,0.8521750701454736
2021-06-25,S18,-0.9595901992273742,0.6717856145668947,0.9385310155801612
2021-06-25,S25,1.534311713476908,0.7910659366581559,2.588680494647323
2021-07-02,S15,-0.5971412463096815,0.4091395207313205,0.1400514041695816
2021-07-02,S16,-0.88998312582514,-0.532486868085295,0.011143253738093646
2021-07-02,S17,-0.4361309452075435,-1.446587028727008,0.14943791997770034
2021-07-02,S18,-0.9754099886369735,-0.03930861328487827,0.9103714681558058
2021-07-02,S19,0.40020858824657035,0.18090121211437915,0.4541867998812667
2021-07-02,S21,1.6693072497721497,2.53209986872104,1.4741881843634344
2021-07-02,S22,-0.6386242496504062,0.7406011850041639,0.0330451239570359
2021-07-02,S23,0.33411702360202533,0.45272271534159025,-0.060194266403604535
2021-07-02,S24,1.2333841638187657,0.3414708764680057,0.1932416604155848
2021-07-02,S14,-0.513120587000924,1.2693341511971712,1.2107399740155862
2021-07-02,S20,1.2045569920057189,1.6409382315584187,1.4422740306158326
2021-07-02,S12,0.5643828472306281,0.45960427238531826,-0.42439107975858686
2021-07-02,S25,1.610949804394519,0.26233297046514864,2.725097857725306
2021-07-02,S10,1.7814519791424166,0.5582399233454047,1.150040505123089
2021-07-02,S13,-0.9849018622827318,-0.5382214989550662,-0.31613326410495807
2021-07-02,S1,0.8315615128149599,1.2704810773711257,-1.1959626791858946
2021-07-02,S2,-0.8513125294905658,-1.466084773684234,-1.2629198252838039
2021-07-02,S3,-0.23504384426775665,1.627175117470965,-0.06082003412414449
2021-07-02,S4,-1.0492356725484335,1.2062532116296754,-0.679078542018858
2021-07-02,S11,-0.8404144523417316,-0.18038053268127469,0.4573156384839721
2021-07-02,S6,0.058852687875008615,-0.13450348572309712,-0.47320096196080086
2021-07-02,S7,-0.9335754344204794,-0.13565041189705274,-1.4012144915234102
2021-07-02,S8,0.0011983442489165311,1.3863206209405268,-1.3624168928498557
2021-07-02,S9,2.0771062656640256,-0.2916323715548603,0.2495607552642909
2021-07-02,S5,-1.046423265542283,-0.03357398241510502,-0.6021091123922896
2021-07-09,S15,-0.8056109156406146,-0.6678241566119245,-0.23102885411135396
2021-07-09,S20,1.0108524594570785,-0.6196532573058346,1.0974760165976278
2021-07-09,S13,-1.1606773001671618,-0.5611600224341613,-0.6290171243755615
2021-07-09,S21,1.838051670141202,0.5628276280412191,1.7745566902232133
2021-07-09,S22,-0.14364061656785412,1.627175117470965,0.9141260744790537
2021-07-09,S4,-1.082281454870706,-0.09550799580864454,-0.7379007077497313
2021-07-09,S19,0.30001658865244557,-0.3145708950339485,0.27584299952702285
2021-07-09,S5,-1.2415340015939993,-0.6242409620016548,-0.9494101972926591
2021-07-09,S1,0.6062174014471222,-0.7228766129617367,-1.5970797880528083
2021-07-09,S7,-0.8200245015471379,0.38276021873036775,-1.1990915177886006
2021-07-09,S16,-0.8467423681055714,0.15337498393947194,0.08811268336466019
2021-07-09,S25,1.6844239374302117,0.2520106348995619,2.8558833113184185
2021-07-09,S3,-0.45792709950521315,-0.7148481297440578,-0.45755676894727076
2021-07-09,S8,-0.21816940223085207,-0.7033788680045153,-1.7528959504675685
2021-07-09,S9,1.5525923590168897,-1.6989107869969908,-0.6840846837831877
2021-07-09,S12,0.5671952542367786,0.02147847393470945,-0.4193849379942572
2021-07-09,S10,1.6327459586921886,-0.47284670703966736,0.8853407593341581
2021-07-09,S14,-0.9339269852962474,-1.360567565680423,0.4616960125277618
2021-07-09,S18,-1.2647363593947436,-0.9316171766214508,0.3953646341503939
2021-07-09,S2,-0.939903350184319,-0.2767223312934534,-1.4206132908601878
2021-07-09,S11,-0.8330318839505854,0.03638851419611946,0.4704567606153381
2021-07-09,S6,-0.3039478159184535,-1.1713247469779358,-1.1189932495593262
2021-07-09,S23,0.25783048356018223,-0.23657991520504704,-0.1959858617610476
2021-07-09,S17,-0.5419477588139706,-0.3329217138172223,-0.03891816390520411
2021-07-09,S24,1.1971744236145727,-0.10583033137423774,0.12878758519983988
2021-07-16,S12,0.8470297513487899,0.9252562990108298,0.07872616755654395
2021-07-16,S19,0.47473737390956827,0.5823253729984451,0.5868495566360025
2021-07-16,S9,1.92172077857419,1.2165755471952657,-0.027028577214922425
2021-07-16,S20,0.9683148034890458,-0.12647500250541813,1.021758122412142
2021-07-16,S13,-1.1037260582926063,0.19810510472369963,-0.5276427536478859
2021-07-16,S2,-0.6171796462285059,1.0651812922332795,-0.8461585234033601
2021-07-16,S7,-0.5208547062678396,0.9883372385783254,-0.6665631876080338
2021-07-16,S8,-0.01356679253337609,0.6798140977845759,-1.3886991371125863
2021-07-16,S22,-0.0701664835321628,0.25201063489955844,1.0449115280721664
2021-07-16,S25,1.0252660453636018,-2.138183511621552,1.6825688353036563
2021-07-16,S5,-1.4647688077072245,-0.7159950559180122,-1.3467726998363254
2021-07-16,S24,0.8252335970511203,-1.201144827500752,-0.5332746631327567
2021-07-16,S11,-0.9733006833823602,-0.445320478864759,0.220775440119396
2021-07-16,S17,-0.7012003055372633,-0.507254492258298,-0.32239094131037016
2021-07-16,S21,1.793053158042788,-0.13450348572309712,1.6944584219939387
2021-07-16,S15,-0.5321043342924431,0.9046116278796493,0.2558184324697042
2021-07-16,S3,-0.3946479418668187,0.21874977585487887,-0.3449185792498536
2021-07-16,S18,-1.1585679949125485,0.35867476907732393,0.5843464857538377
2021-07-16,S10,1.6988375233367337,0.22792518524651348,1.0029850907959057
2021-07-16,S23,0.3313046165958748,0.2520106348995619,-0.06520040816793357
2021-07-16,S1,0.4677063563941913,-0.4395858479949878,-1.8436322699460437
2021-07-16,S4,-1.2042696087625004,-0.38568031781912665,-0.9550421067775302
2021-07-16,S14,-0.8228369085532885,0.37473173551268535,0.6594386122187825
2021-07-16,S6,0.23181571875328735,1.7602185536496833,-0.16532324345452665
2021-07-16,S16,-1.1353656371118035,-0.9293233242735408,-0.4256426151996693
2021-07-23,S12,0.6287166574963292,-0.6999380894826485,-0.30987558689954603
2021-07-23,S19,0.6410209381482393,0.5547991448235413,0.8828376884519945
2021-07-23,S25,1.683720835678673,2.1604957883597926,2.8546317758773365
2021-07-23,S20,1.2344388164460722,0.8805261782266078,1.4954642868618353
2021-07-23,S4,-1.0629461567034189,0.4733673864727719,-0.703483483119965
2021-07-23,S17,-0.1228991148974911,1.8989966206981739,0.7069969589799141
2021-07-23,S10,2.075700062160951,1.241807923022264,1.6738080872160792
2021-07-23,S14,-0.7866271683490955,0.13043646046038718,0.7238926874345274
2021-07-23,S23,0.6761760257251244,1.137437641192405,0.5486777256829889
2021-07-23,S22,-0.7177231966983999,-2.1003349478810547,-0.10775261316473683
2021-07-23,S13,-0.663935912705765,1.4471077081601136,0.25519266474916236
2021-07-23,S15,-0.9188102976381868,-1.2493157268068398,-0.4325260601256225
2021-07-23,S21,1.7709054528693504,-0.05995328441605536,1.6550350555998428
2021-07-23,S2,-0.8766241925459234,-0.8341284518353224,-1.307975101162771
2021-07-23,S5,-1.3259062117785254,0.4653389032550894,-1.0995944502225488
2021-07-23,S6,-0.15559334634399494,-1.2516095791547486,-0.854919271490937
2021-07-23,S1,0.6389116328936261,0.5708561112589027,-1.538883390042476
2021-07-23,S11,-1.0513449778030466,-0.2423145460748171,0.08185500615924875
2021-07-23,S3,-0.7546360386541302,-1.1621493375863001,-0.9857047250840493
2021-07-23,S16,-1.1181396441991296,0.06850244706684305,-0.39497999689315005
2021-07-23,S18,-1.2214956016751743,-0.19299672059477496,0.4723340637769617
2021-07-23,S8,-0.15946040597745212,-0.46367129764802817,-1.648392741137187
2021-07-23,S7,-0.6403820040292514,-0.37765183460144425,-0.879324212592044
2021-07-23,S9,1.7888345475335616,-0.421235029211714,-0.26356877557949854
2021-07-30,S18,-1.0717349285976405,0.5008936146476779,0.7389111127275158
2021-07-30,S5,-1.2281750683147825,0.33114854090241674,-0.9256310239120934
2021-07-30,S7,-0.7345976387353045,-0.29507315007671914,-1.0470299616970875
2021-07-30,S13,-0.7827601087156383,-0.3753579822535319,0.04368317520623576
2021-07-30,S11,-0.6892475757611225,1.1936370237161764,0.726395758316691
2021-07-30,S23,0.6353961241359369,-0.12074037163564352,0.47608867010020894
2021-07-30,S3,-0.8664292171486265,-0.3524194587744437,-1.184698860216153
2021-07-30,S16,-0.6379211478988689,1.5790042181648776,0.45981870936613817
2021-07-30,S17,-0.2807454581177092,-0.5026667875624835,0.4260272524569112
2021-07-30,S15,-0.7672918701818083,0.5066282455174513,-0.1628201725723612
2021-07-30,S9,1.5213043310734604,-0.860507753836274,-0.739778010911355
2021-07-30,S22,0.0701023158996121,2.5825646203750368,1.294592848568108
2021-07-30,S21,1.3103738056121461,-1.4901702233372778,0.8352793416908629
2021-07-30,S8,-0.46495811702059014,-0.9843757806233576,-2.1921848902874954
2021-07-30,S25,1.603567236003374,-0.2491961031185416,2.711956735593941
2021-07-30,S4,-1.5800774949594099,-1.6748253373439472,-1.6239878000360801
2021-07-30,S10,1.9955464624856507,-0.24919610311854618,1.531133046932684
2021-07-30,S6,0.08557055443344205,0.7990944198758395,-0.4256426151996693
2021-07-30,S14,-1.0253302129961512,-0.766459807572011,0.2989964051870469
2021-07-30,S1,0.4968850790830072,-0.4510551097345302,-1.7916935491411234
2021-07-30,S19,0.5077831562318414,-0.42238195538566964,0.6456717223668765
2021-07-30,S24,1.1940104657326527,-2.0338132297916953,0.12315567571496838
2021-07-30,S2,-0.6604204039480759,0.71766266152507,-0.9231279530299286
2021-07-30,S12,0.3654050515454533,-0.8467446397488237,-0.7785756095849097
2021-07-30,S20,1.0442497926551195,-0.6081839955662922,1.1569239500490425
2021-08-06,S14,-0.4660127696478968,1.8370626073046326,1.294592848568108
2021-08-06,S11,-0.6273746216258027,0.2141620711590633,0.8365308771319446
2021-08-06,S18,-1.0801721496160928,-0.01522316363183147,0.7238926874345274
2021-08-06,S10,1.957930518778383,-0.11041803607005216,1.464175900834775
2021-08-06,S21,0.8027343410019133,-1.6438583306471763,-0.06832924677064148
2021-08-06,S6,-0.12149291139441519,-0.6632364519161055,-0.7942198025984399
2021-08-06,S25,1.360997131722861,-0.779075995485509,2.280177008420509
2021-08-06,S15,-0.7384646983687629,0.10635101080733786,-0.11150721948798407
2021-08-06,S3,-0.24559037054082283,2.0377746877466643,-0.07959306574038133
2021-08-06,S12,0.5341494719145056,0.5628276280412191,-0.47820710372513053
2021-08-06,S22,-0.44140420834407657,-1.6564745185606757,0.38410081518065275
2021-08-06,S2,-0.7120983826860976,-0.1562950830282297,-1.0151158079494857
2021-08-06,S8,-0.11903205526403392,1.1408784197142685,-1.576429453274948
2021-08-06,S19,0.5573518297152499,0.17401965507065234,0.7339049709631855
2021-08-06,S24,1.279788879420254,0.2921530509879648,0.27584299952702285
2021-08-06,S9,1.9308611013441805,1.3484720572000295,-0.010758616480851108
2021-08-06,S17,0.2522056695478811,1.7510431442580476,1.3746911167973823
2021-08-06,S13,-0.9546684869666104,-0.548543834520661,-0.26231724013841423
2021-08-06,S23,0.4030209952527209,-0.7458151364408295,0.062456206822470724
2021-08-06,S16,-0.7142076879407108,-0.2365799152050436,0.3240271140086968
2021-08-06,S5,-1.3547333835915716,-0.40059035808053245,-1.1509074033069278
2021-08-06,S1,0.12810821040147347,-1.1908224919351618,-2.448123887988849
2021-08-06,S7,-1.068219419839952,-1.0761298745397172,-1.6408835284906922
2021-08-06,S20,1.0231567401089885,-0.05651250589419185,1.11937788681657
2021-08-06,S4,-1.2742282330405033,1.0101288358834604,-1.0795698831652303
2021-08-13,S9,2.218078166847338,0.9493417486638747,0.5004936112013147
2021-08-13,S4,-1.5220716004575485,-0.7962798880948249,-1.520736126146781
2021-08-13,S2,-0.7296759264745407,-0.04504324415464946,-1.0464041939765463
2021-08-13,S1,0.4501288126057481,1.0628874398853672,-1.874920655973104
2021-08-13,S25,1.1824092868322813,-0.5703354318257936,1.9622870063855757
2021-08-13,S18,-1.2408308998424613,-0.5118421969541181,0.4379168391471953
2021-08-13,S21,1.3718952088716954,1.8691765401753577,0.944788692785572
2021-08-13,S15,-0.9757615395127415,-0.7618721028761875,-0.5339004308532979
2021-08-13,S8,-0.5598768534781818,-1.4259423575958277,-2.361142174833621
2021-08-13,S7,-0.7395193509960696,1.0846790371905008,-1.0557907097846644
2021-08-13,S16,-1.0618915040761123,-1.1220069214978947,-0.294857161606557
2021-08-13,S3,-0.5528458359628048,-0.9901104114931287,-0.6265140534933966
2021-08-13,S10,1.9589851714056898,0.015743843064938246,1.4660532039963987
2021-08-13,S14,-1.0091588727107839,-1.7596978742165776,0.327781720331942
2021-08-13,S22,-0.1362580481767078,1.0078349835355513,0.9272671966104189
2021-08-13,S17,-0.5349167412985936,-2.555664638940978,-0.026402809494380595
2021-08-13,S23,-0.057862202880252706,-1.4913171495112323,-0.75792527480705
2021-08-13,S12,0.5960224260498254,0.2141620711590633,-0.3680719849098782
2021-08-13,S11,-1.0084557709592454,-1.2309649080235683,0.15819866806527658
2021-08-13,S20,1.3789262263870723,1.172992352584996,1.7526548200042709
2021-08-13,S24,0.8800755336710631,-1.2917519952431549,-0.4356548987283286
2021-08-13,S13,-1.1420451037514119,-0.5990085861746554,-0.5958514351868774
2021-08-13,S6,0.21810523459830136,1.120233748583088,-0.18972818455563492
2021-08-13,S19,1.0906545082566095,1.752190070432002,1.683194603024197
2021-08-13,S5,-1.5902724703567068,-0.7561374720064186,-1.5701717760695362
2021-08-20,S10,1.3458804440648005,-1.9879361828335167,0.37471429937253425
2021-08-20,S22,-0.21606009697623882,-0.24804917694458942,0.785217924047565
2021-08-20,S17,-0.10497002023327988,1.4149937752893886,0.7389111127275145
2021-08-20,S4,-1.1624350545460063,1.1856085404984948,-0.8805757480331264
2021-08-20,S9,2.184680833649297,-0.09665492198259844,0.4410456777499007
2021-08-20,S21,1.7501639511989873,1.2463956277180819,1.6181147600879116
2021-08-20,S8,-0.618937400607351,-0.18038053268127927,-2.466271151884544
2021-08-20,S5,-1.3002429978473986,0.9585171580555093,-1.0539134066230407
2021-08-20,S7,-0.6488192250477031,0.3082100174233308,-0.894342637885033
2021-08-20,S25,1.6942673619517392,1.6822275738207795,2.8734048074935723
2021-08-20,S18,-1.1775517422040669,0.21874977585487887,0.5505550288446125
2021-08-20,S19,0.6533252188001482,-1.414473095856283,0.9047395586709349
2021-08-20,S13,-1.0692740724672585,0.24971678255164834,-0.46631751703484764
2021-08-20,S3,-0.7718620315668041,-0.7022319418305597,-1.0163673433905682
2021-08-20,S16,-0.5925710849246857,1.5434495067722889,0.5405427453159546
2021-08-20,S20,0.9289411054029342,-1.4557624381186438,0.9516721377115274
2021-08-20,S6,-0.22660662324930372,-1.4385585455093266,-0.9813243510402607
2021-08-20,S14,-0.8277586208140523,0.6041169703035822,0.6506778641312057
2021-08-20,S24,1.3377947739221168,1.5056009430317916,0.37909467341632364
2021-08-20,S1,0.3826310444581272,-0.20790676085618306,-1.9950680583170157
2021-08-20,S2,-0.4695282784055859,0.8610284332693784,-0.5833360807760534
2021-08-20,S15,-0.9367393923023992,0.13961186985201718,-0.464440213873224
2021-08-20,S23,0.26978321333632427,1.0812382586686409,-0.17470975926264537
2021-08-20,S11,-0.7929550841129351,0.7153688091771633,0.5417942807570363
2021-08-20,S12,0.8951922213291237,0.9883372385783254,0.1644563452706899
2021-08-27,S10,1.524116738079611,0.5937946347379874,0.6919785336869246
2021-08-27,S6,0.04197824583810401,0.8885546614442869,-0.5032378125467788
2021-08-27,S2,-0.9887689219161901,-1.681706894387674,-1.5075950040154158
2021-08-27,S8,-0.32047070707959,0.9860433862304177,-1.9349943571450599
2021-08-27,S23,0.20369164869177803,-0.20331905616036747,-0.29235409072439345
2021-08-27,S22,-0.44667747148060966,-0.7400805055710549,0.37471429937253425
2021-08-27,S19,0.1372485331714637,-1.6713845588220837,-0.013887455083556518
2021-08-27,S17,-0.7117468318103295,-1.9672915117023362,-0.3411639729266064
2021-08-27,S24,1.0270237997424456,-1.0015796732326747,-0.17408399154210355
2021-08-27,S14,-0.5883524744154605,0.7933597890060637,1.076825681819768
2021-08-27,S20,0.7851567972134701,-0.4567897406043048,0.6957331400101718
2021-08-27,S18,-1.5245324565879304,-1.1197130691499848,-0.06707771132955843
2021-08-27,S16,-0.7936581858644738,-0.6437387069588841,0.1826036091663824
2021-08-27,S7,-0.6776463968607498,-0.08174488172119242,-0.945655590969412
2021-08-27,S3,-0.44034955571677,1.0938544465821387,-0.4262683829202104
2021-08-27,S25,1.2523679111102834,-1.429383136117691,2.0868147827732755
2021-08-27,S11,-0.8840067609370696,-0.2847508145111324,0.3797204411368634
2021-08-27,S13,-0.927599069532409,0.47451431264672406,-0.2141331256567426
2021-08-27,S4,-1.607146912393612,-1.4385585455093266,-1.6721719145177532
2021-08-27,S12,0.9159337229994867,0.07997170880638957,0.20137664078262174
2021-08-27,S9,1.5188434749430793,-2.1599751089266865,-0.7441583849551434
2021-08-27,S21,1.2780311250414103,-1.5280187870777753,0.7777087114010705
2021-08-27,S1,0.7130888676808547,1.0904136680602754,-1.4068464010082813
2021-08-27,S5,-1.294618183835097,0.030653883326346196,-1.0439011230943815
2021-08-27,S15,-0.6178827479800445,1.0525651043197768,0.10313110865764978
2021-09-03,S12,0.6090298084532728,-0.9889634853191765,-0.3449185792498536
2021-09-03,S2,-0.5145267905039999,1.5595064732076513,-0.6634343490053277
2021-09-03,S17,-0.4375371487106194,0.9069054802275606,0.1469348490955349
2021-09-03,S14,-0.6562017934388494,-0.20905368703013522,0.9560525117553145
2021-09-03,S15,-0.9413095536873938,-1.042869015495033,-0.47257519424025973
2021-09-03,S21,1.7266100425224737,1.4757808625089754,1.5761883228116509
2021-09-03,S18,-0.9304114765385595,1.9506082985261248,0.9904697363850815
2021-09-03,S24,1.6520812568594758,2.051537801834118,0.9385310155801612
2021-09-03,S6,-0.20481046895163535,-0.7928391095729638,-0.942526752366706
2021-09-03,S3,-1.0102135253380906,-1.8468642634371173,-1.4406378579175065
2021-09-03,S9,1.7378596705470772,0.7268380709167057,-0.35430509505797164
2021-09-03,S8,-0.44597436972907234,-0.39714957955866903,-2.158393433378271
2021-09-03,S25,1.2372512234522228,-0.03701476093696659,2.0599067707900036
2021-09-03,S23,0.1688881119906622,-0.10124262667841367,-0.35430509505797164
2021-09-03,S5,-1.4067629132053625,-0.3535663849483993,-1.2435210259470264
2021-09-03,S7,-0.6569048951903868,0.07997170880638957,-0.9087352954574808
2021-09-03,S20,0.6276620048690226,-0.5015198613885233,0.4153892012077138
2021-09-03,S22,-0.35457114202916856,0.31279772211914525,0.5386654421543309
2021-09-03,S19,0.7338303693512177,1.9586367817438062,1.0480403666748723
2021-09-03,S4,-1.3983256921869103,0.6935772118720273,-1.300465888516276
2021-09-03,S1,0.2005276908098594,-1.659915297082539,-2.3192157375573608
2021-09-03,S11,-1.0081042200834773,-0.3925618748628546,0.15882443578581654
2021-09-03,S13,-1.0154867884746237,-0.2744284789455422,-0.37057505579204303
2021-09-03,S10,1.5132186609307767,-0.023251646849512402,0.672579734350148
